user_id,user_name,customer_name,email_address,password_hashed,location_sharing,phone_number,gender
1,oargent0,Oriana Argent,oargent0@columbia.edu,$2a$04$XWDTGqXtSv9kLPs43jaDAeaLEovfIWZpbE8wjb5SN9ShMfEWD.ZOa,false,915-209-0197,F
2,mharder1,Malchy Harder,mharder1@blogs.com,$2a$04$hzGVeSIGsGgexnJ6FogJzOkFJhjW8rpsL6KxdM2eNZGtZazCLSyzm,true,878-206-1262,M
3,sspilling2,Sammie Spilling,sspilling2@storify.com,$2a$04$kaKP6fuN7JfPbFNH3QqJXep6GSfd.hkLUGTxD1JdBqFjiCd8PW0J.,false,631-424-2877,M
4,mdobbyn3,Marilee Dobbyn,mdobbyn3@samsung.com,$2a$04$3yap3xGj0Y28QFHDd11eP.FDcFqKKt5TPfOkxrLKDTPU16Cj9z7tC,false,841-538-8778,M
5,kbroadbury4,Kass Broadbury,kbroadbury4@businesswire.com,$2a$04$dYvAjwqKTGNvCiCx/urVd.EqvXcuJjUfc4oajqz9jQvlPOoBlLtnq,false,358-639-5161,M
6,eblois5,Elli Blois,eblois5@imgur.com,$2a$04$z/5ydMupuIxezgUDyGENe.rSf3SYEVxtyDcKoBOgVOvC2gwzCghGG,false,491-290-8758,M
7,jbarks6,Jerry Barks,jbarks6@histats.com,$2a$04$uQcDWyMgUackkEoeGfzuS.Z5..t2Y.Yvln8IR2EyBumwGCoMwG0Ye,true,499-383-3737,M
8,aconley7,Anabella Conley,aconley7@nsw.gov.au,$2a$04$Symvkw3kInmCGkVNJeB7B.Pex2BRM8xRvJHFc60HtS4Zms9g5cKTi,false,853-387-2995,F
9,lkellogg8,Lena Kellogg,lkellogg8@sitemeter.com,$2a$04$..6a6/vj7pLSH5aczxZrou6ipCBHIg5ZIENV4iWwVgdDjPvO7s/nC,true,371-254-8796,M
10,cscruton9,Cody Scruton,cscruton9@prweb.com,$2a$04$Rmwfa5hI485VmegU5gprMe3zzTiUfW9VfOOcShC0.4IamFU9V3Yay,false,615-886-8636,M
11,mfossea,Morse Fosse,mfossea@xrea.com,$2a$04$d6kduvUgSK6pPXQShvmQ6OSseoKrGYB8cCuAr6Xl1PvuOMQKeIeaW,true,663-454-0880,M
12,ddeb,Dominic De la Eglise,ddeb@google.de,$2a$04$4vCB7lPg1rL/bdMCRVxFGuMwWvl.uNfvyc.eDObQcU6bJgVGKqixu,true,245-875-3102,M
13,cclipshamc,Carley Clipsham,cclipshamc@narod.ru,$2a$04$nLIzhqD3GkGtYHBfbnxsce6R/lFMw79y2A3T96PA1/h5LSI7VGcA2,false,225-661-5196,M
14,rdwined,Rayna Dwine,rdwined@taobao.com,$2a$04$AJTyP0YFNnSif9e0xoJt3ehOV4b4ZmEo11hTUliyAq4z7ykC5uPoa,false,953-673-0569,M
15,dmedde,Darsey Medd,dmedde@eepurl.com,$2a$04$LVjJ9AMvf4JJ0S1yrAGn4eoD4FMAbpBqNSOm4zJcpufirEMfitcQq,true,649-712-4858,M
16,adotf,Alden Dot,adotf@nifty.com,$2a$04$4GDbJQTljPHaQLped7xpb.u0hjAy1QrFBCJWteqCVfPr6KlIhmIE.,false,792-304-8820,F
17,rgoodridgeg,Rowena Goodridge,rgoodridgeg@senate.gov,$2a$04$l9MC4wYCz9IbyGv3UjtFeODGyQ7hj7FviaEjAvglijMUBhL9QyQwe,true,799-854-1172,F
18,plauchlanh,Penelopa Lauchlan,plauchlanh@yelp.com,$2a$04$jYANmjX8ZyWDQxKuyHQQduRt72ttdYCjddrw9iGlt.2OfFc3hUITG,true,807-668-6935,M
19,ekubui,Elroy Kubu,ekubui@bravesites.com,$2a$04$ud0I1BwDZdD2kt4MS0CrP.VrC/Bw8aepbOhRx87x2Wq.p2P7XlW26,false,820-103-0824,M
20,dkalinskyj,Devonne Kalinsky,dkalinskyj@github.com,$2a$04$L0E1ie4uniefciIMXv62mOQ/WnqPuR.3rs3InvBynjIsY2o0tznt.,false,518-664-9304,M
21,pdudbridgek,Pennie Dudbridge,pdudbridgek@seesaa.net,$2a$04$9G/fPLY0VFMEdJWJNWjG1.bKa4v2JyyHLqXv51rFNG9JRkcTYglFO,false,879-889-1293,M
22,paggusl,Piggy Aggus,paggusl@patch.com,$2a$04$9/yvcCYJ41gl8vRM/NLo9eCEu7QKrNyPweTejKznK0mpdGJUf/M/e,false,679-363-0212,M
23,ahanscombm,Alla Hanscomb,ahanscombm@archive.org,$2a$04$OPKuFCK4p.Y/Ht.qOaGsk.HkzCclaF/TI/fIUkbAwLX7HJgyANj1q,false,726-394-5687,M
24,pfroomn,Pierette Froom,pfroomn@walmart.com,$2a$04$jszaUkbi97ePXzEz1EZoc.QerEhR1M3g0wtuK/xmyZDqGGN3gYfj6,true,372-883-1170,M
25,gbrechino,Grissel Brechin,gbrechino@ustream.tv,$2a$04$FjV56UFeAXQ7yBlG0SvpZOIZx/6lDNLFskGpGFSjb4jZKNIeoaJ12,true,102-796-1240,F
26,aseillerp,Armand Seiller,aseillerp@google.de,$2a$04$LqYrsPtczOFAVnM2.wQIM.yZd743.1Q/SzwwJZtJYPhVGVcP28G86,true,270-667-3963,M
27,awharramq,Adaline Wharram,awharramq@va.gov,$2a$04$eeWimZCN8S8YCu.neGpeCOFXdwm/u8IeQr0HWBTAd2Rg3wk7APZ.a,true,222-104-9579,F
28,mclawer,Malia Clawe,mclawer@msn.com,$2a$04$43VXEO03n0NUmAgSGSdi7.bQm/68DUu68hxq3vwBLLaiz2dOCMSQy,false,962-775-8071,F
29,ezavattieris,Egbert Zavattieri,ezavattieris@upenn.edu,$2a$04$LmEGYkEf.nJ0uHG4lUvjFu7/wEFSU.U3gbfMc2xfq0PcmV3Wdak9a,true,240-137-8773,M
30,acurneent,Alfonse Curneen,acurneent@huffingtonpost.com,$2a$04$C9pRRft78gZhevdGKtD5BeiQWhTs.rPHRdDWXyifFJ.CTSZgxzJmm,false,639-407-1692,F
31,dissacofu,Dede Issacof,dissacofu@liveinternet.ru,$2a$04$0pC2zmYu0sHeVPv1fbJ.KuDnzXHpsDgsXehPWxbzUGHA.I6su.zi6,true,781-969-7885,F
32,atruterv,Ara Truter,atruterv@123-reg.co.uk,$2a$04$fAkHeXu0HRIagzge8WoOMukizpX6wKabEaR7G/hJ4pB8KHYiJI7mm,true,447-826-3929,F
33,drearyw,Denys Reary,drearyw@unesco.org,$2a$04$LBi5a7KgutiMOy64Xk60ze55CubacPYcouhejVt4b7vk595C2XfOG,false,673-744-2502,F
34,smorffewx,Sal Morffew,smorffewx@psu.edu,$2a$04$zQIHRcI/00.4SOXREkYwTuq45uWxc1Bt6HKXAaI7f4j.OFi2KfjT.,true,660-821-0951,M
35,lvigarsy,Lydie Vigars,lvigarsy@salon.com,$2a$04$JTU4ZecJbwH9w5sYQbHBR.BybOLZ4KwwBVXKn.hzJfiX0/90tJZo6,false,731-756-4219,F
36,cglantonz,Cinda Glanton,cglantonz@issuu.com,$2a$04$S0Bg2I2Idrq.Rm6ZL2rhFOvK1v3COUoI4swQVSj2eSb4XBa1JVXN6,true,111-823-7297,F
37,rpetras10,Ranee Petras,rpetras10@youku.com,$2a$04$KKm51yyzjzXzCdyuFN5HSukZQ0fDzc9cM73nwmS8JSc5X1iXt3ZA6,true,921-373-1486,M
38,divashkov11,Dalli Ivashkov,divashkov11@kickstarter.com,$2a$04$3Sbtn32wufRXyPovk6gYduI5h3gVNpVqRqWXrPGS.S2dAzdXrFkqW,false,885-797-1980,M
39,rdigan12,Rosella Digan,rdigan12@mit.edu,$2a$04$PHPBeVAE17lB9hNHJB7EeOE.kCmxZoqN/OgBNyYkfbURTTP3PHVBO,true,930-100-9133,M
40,sstutter13,Shem Stutter,sstutter13@patch.com,$2a$04$b9D4AQ2fj5UU7PCTjpQxv.RwFJ/aatMmYg7o5pefLuU0pfI0iuWSa,true,406-557-2859,F
41,bwhimper14,Britteny Whimper,bwhimper14@wunderground.com,$2a$04$Gx97bXkTtzwQtAGm38gC8ekOYUKwWvmIWAZ4YCk9xPZxlgZJt5Fhy,true,957-359-1270,M
42,dwherrit15,Donnie Wherrit,dwherrit15@foxnews.com,$2a$04$MoMylUrvbCxYDevTUrcxYeAbFZIwre02jz.lghpjhZcCqsnNjZeEm,false,465-780-1954,M
43,mgenery16,Mose Genery,mgenery16@themeforest.net,$2a$04$18Z0ktlmDg4/Jq6YPRGfF.EL4BS.reM4UkqkpMVT26/4SBk1sgO5G,true,540-511-1546,M
44,cfigliovanni17,Cybil Figliovanni,cfigliovanni17@ovh.net,$2a$04$rI3IBkUWa0uINfR3DabhQOylIOrH2zivz8D7d6.J.NaT.BOzP0.8S,true,545-744-8271,M
45,lkneath18,Liam Kneath,lkneath18@delicious.com,$2a$04$4HIzaYyzXt1sXnOLsSDLaOZ1cHmvu7a9s9Oi.P0YAeVit66Omirxy,true,256-292-3046,M
46,gsandom19,Grantley Sandom,gsandom19@berkeley.edu,$2a$04$lICtNCm8hYAHiJfzuWjlReL7lsCbe7q5CNomvU8J9HWSk.zJ.Wlb2,false,240-495-9275,M
47,edugan1a,Edith Dugan,edugan1a@indiatimes.com,$2a$04$i0FNJ4b9ToNBem8cwGOQduN3xqWdSLiI7pQnLXuj3IDhQ2LVP7N4.,false,148-124-7097,M
48,sdengate1b,Sawyere Dengate,sdengate1b@google.ru,$2a$04$F7O.fOcRGtXCezJ/AOZa1ODzLowQjy40YQAXIKjW9ZOhWtbd9bi0.,true,243-255-1456,M
49,pcardenoza1c,Pierette Cardenoza,pcardenoza1c@upenn.edu,$2a$04$YzXKE72nyJvheotkYxCkh.saH4pGYCxOxDl0YXDvZY2FFa2DKCmZ6,false,147-454-5476,M
50,kscathard1d,Kiel Scathard,kscathard1d@skyrock.com,$2a$04$wFH5CvpeJ8wEOWkpwE9k9OA0ky9ja/cRPGGOw6ZMVTFlptbMX7BkO,true,485-548-9139,M
51,mcorcut1e,Meris Corcut,mcorcut1e@gnu.org,$2a$04$WPj2EhHD3HGEjlIRwC3ohu56pcGP0Wfh.EDJRZr/nuH3IInCMZI0m,false,485-892-7823,M
52,sheavy1f,Sarine Heavy,sheavy1f@uiuc.edu,$2a$04$e0gnTIrz138vF7DzHsvQSOHKnmltfw/SP3dM9CYoP4pMxphvE3wYi,true,250-695-2929,M
53,pscain1g,Petunia Scain,pscain1g@tmall.com,$2a$04$xytKwLSKUmlwYEimiq8j9.o8GNpa.IiR8I.e4xp9ylAf0mfxcg3R6,false,653-352-3964,F
54,sbuckenham1h,Sonny Buckenham,sbuckenham1h@naver.com,$2a$04$4YeMyjw5HUtu47PdW.A3aOfHRPKmnlWqblgnoZ0y7Vm6ICERJCtzO,false,464-474-2399,M
55,bfoker1i,Bjorn Foker,bfoker1i@shareasale.com,$2a$04$qbFS/LxJhFXaEagTbxPA4OMazIkq4bCcFSyugQN6S/xVkzGn5Fzle,false,883-138-0667,M
56,tcrocket1j,Terrence Crocket,tcrocket1j@yelp.com,$2a$04$2uvHfpZ6GFkzfxk29tInE.dJYWMBaIii2k6tZMsgXmYhqbgd6LH2.,false,962-189-9997,M
57,vcrosen1k,Vasily Crosen,vcrosen1k@so-net.ne.jp,$2a$04$kHkE5r0qlEJMli9JnJrm1.bKfryuEmqq9/xXHfoWY9uA69KyrtmWe,false,971-454-0032,M
58,hhumberston1l,Hanan Humberston,hhumberston1l@addthis.com,$2a$04$67K2JLliOqHbteWG.pLDweWTJ718Ci9O7XCS/kUY2gZPclaE6v5AO,true,275-748-1735,F
59,djerzyk1m,Darelle Jerzyk,djerzyk1m@ucoz.ru,$2a$04$v0DE7UQcKOXf3Cidbu52EuUmNyuj9JRInI8VqOpsx7oVK8U57j3km,false,355-464-7180,F
60,ksnelling1n,Kelila Snelling,ksnelling1n@quantcast.com,$2a$04$OOBiQ7fE8/7WaMtpwRbqZOZWmVz2.nphUPnhHCniMIeM5c1Jo13fe,true,860-144-5779,M
61,mmenelaws1o,Maryjane Menelaws,mmenelaws1o@blog.com,$2a$04$ZzfYmqpHeseXcliV3i4b3OjQzj1zpQusC5Ft3.zKxni0ThNqF9SQ2,true,186-843-0003,M
62,tfurber1p,Tull Furber,tfurber1p@utexas.edu,$2a$04$.Noz2U3DLwVW6Yc31.v9dupto3BWAPhSJoWp9xFKSoXYeIT8.BgPq,true,911-327-7470,M
63,bkeymar1q,Bell Keymar,bkeymar1q@goo.gl,$2a$04$TqBo0clYF0U3C0VFepj8ZOG5k.HDMCOGaxMSGRe5nqPYeH35MKINC,true,942-411-1638,M
64,mokeeffe1r,Meagan O'Keeffe,mokeeffe1r@miitbeian.gov.cn,$2a$04$HzZru/ITYMawVmP7Rjzb7.zWIlNj/z9FdEXsRJrAVTm9Rwsyvz6zq,false,803-971-7812,F
65,nschuster1s,Nikkie Schuster,nschuster1s@unblog.fr,$2a$04$IbEX8dhScaZ0xCmjU5WLVuw7UbYqRchWmqJqR4yF9PY1XMr5uDWIO,false,242-423-0619,M
66,jblacksell1t,Joann Blacksell,jblacksell1t@dot.gov,$2a$04$2go58X.4d4wonoX0RUl7zeKd30Oi99YGWI7EuOxT8l5ZwZohBgnyy,true,677-578-6095,F
67,erodder1u,Eda Rodder,erodder1u@nyu.edu,$2a$04$sS88C//inRya8ciimsMWOu5M.Gl7cHTPTZqG21alpqtuwRQ9NlILe,false,216-797-6261,F
68,sshier1v,Sinclare Shier,sshier1v@sun.com,$2a$04$uEOyL7.mQvoJjkZjbzZqUePoTxspq4TbMpLXoBWa.h.fiu1Y6NxD.,false,945-956-9127,M
69,kliggett1w,Kerry Liggett,kliggett1w@apple.com,$2a$04$GUgEwbOTLHy5caf/ck24y.dwMSjdFEJcfDdABokUAjUR9r3092Ki6,false,481-262-2517,M
70,voppery1x,Victoir Oppery,voppery1x@noaa.gov,$2a$04$cmqM7zm8Meh5.ag1sSDbtex/LWnNzuV1.LM18XDXwxa2t5j33HIAS,true,867-264-0644,F
71,kyallowley1y,Kirby Yallowley,kyallowley1y@ebay.com,$2a$04$jEKP46tdSY85VjfCPerh7u/kEIqnUY.vmyDUXVizp3/8mpbZUefO.,false,871-703-8680,M
72,ohammersley1z,Olly Hammersley,ohammersley1z@pcworld.com,$2a$04$jlwnmHNfOypd.V8CdCBM1eopbzxuDwNGb8YcRyO2cNMS0owBD.y9q,false,675-995-1474,F
73,cdenyakin20,Cathrin Denyakin,cdenyakin20@spotify.com,$2a$04$gIGw2AKmoqbhKvdr8q6you9z8PCb/0uxuFThHUCdXZnfTxR7l86ee,false,868-919-0104,F
74,leskriet21,Luz Eskriet,leskriet21@shinystat.com,$2a$04$zJIfYZvt8S8ENwCLYZjoEe0FcC8iFQZYrndb7xBNf81FyPT6f4kj6,false,267-965-9040,F
75,eblakeston22,Eal Blakeston,eblakeston22@weibo.com,$2a$04$yquKvv9rM2c0ogTNHk57uOWOV.U6ZrunTlP5eDU3HzY0WUPbkUN9K,true,638-173-5754,F
76,sizatson23,Sigfried Izatson,sizatson23@gizmodo.com,$2a$04$5Ld9UFH9Bhhj3lv6XEmmiensdOqs4KBJGPY6OVMSusv7/0VDlKbqu,false,112-335-8123,M
77,mcroneen24,Murry Croneen,mcroneen24@paypal.com,$2a$04$Mm5.dN0p5gIUr2geK0ocoOc0xGahTa1LcwkUHCsrl/1Uh5MYiQwDi,false,449-247-6992,M
78,ade25,Aridatha De Gowe,ade25@merriam-webster.com,$2a$04$m0SH1FifuD7JnNfB.2Aca.lwBUxrFse1lkn/S9qL2xXZPZg7BuaOe,false,547-195-4585,F
79,gbausor26,Ginevra Bausor,gbausor26@reference.com,$2a$04$ArsvW2ONBvtDINAvmaS0xOS5wEjrR.o/XJmhrh2Pb95EeHt.iRrCi,true,550-546-2577,M
80,jnuemann27,Jacinta Nuemann,jnuemann27@ca.gov,$2a$04$BUCEBFi/DCyc9PazN6eI.uPLZU.xtsUV1bMzupSYzNC5XSV/u6k8y,true,249-994-9730,M
81,csivill28,Camila Sivill,csivill28@cbslocal.com,$2a$04$QBgi56jYJKErAEfCN1hh3.30vMzoIM1yPx0KXvA4nU2K9jTX7HAnm,false,133-923-1083,F
82,rfrow29,Ronnie Frow,rfrow29@privacy.gov.au,$2a$04$mTSOmnLCezuCivD/zfyW3.wK/AsblXy6Rqy6OVsUUDeKQOrMQ1/02,true,108-839-3845,M
83,asugden2a,Alasteir Sugden,asugden2a@vimeo.com,$2a$04$hfGQ3YZ4Y/0MEFw..MBRSO.TtS.8afzJLGQMRXaGmV6orMt68.BRm,true,722-143-5038,F
84,ksandwich2b,Karil Sandwich,ksandwich2b@biblegateway.com,$2a$04$GZd7ZyGTruhOfOVZSgyB3eAD0yy.QX8OOo/YVd0.EMU3NVuytjrkq,true,715-271-6426,M
85,rclimance2c,Rochelle Climance,rclimance2c@nytimes.com,$2a$04$NrVcRLUrw/7ccV6vqiEJ.e.ijz/Uy7EQkO7.OuYEC8et1FWH26beS,true,212-171-6023,F
86,jhawkett2d,Jo-ann Hawkett,jhawkett2d@go.com,$2a$04$x3DwQ2lWIS.vvcjWlSGgdu8xc.C23gMJUqCkJ8F7XN4t4vzUo/num,true,441-693-2216,F
87,lvirgo2e,Leontine Virgo,lvirgo2e@cmu.edu,$2a$04$q4sRZp0rIFmnyoWcR65Byu2Mo26ZAB2CKqGqHdx0scjsCtwI3A6ga,false,511-290-0862,F
88,lstill2f,Ludovico Still,lstill2f@clickbank.net,$2a$04$qRycPj47CQypwWQChubR5ueLp1aH8jsj1lkfWgfRsUcLNzVVezf6e,false,336-856-5390,F
89,mrawcliff2g,Maxy Rawcliff,mrawcliff2g@i2i.jp,$2a$04$/ntA4/vkouyvwxO/n57wPe6BWGtu8cWL7th18.97SCaQY.SsMSpn6,false,997-982-6861,F
90,bmcloney2h,Barbabas McLoney,bmcloney2h@altervista.org,$2a$04$ZTWI48tNSwcRIsjd6V.W0exOp711E4S7jiRhIXGOc23uu29cRbJZW,true,492-410-8221,M
91,cferraretto2i,Courtney Ferraretto,cferraretto2i@soup.io,$2a$04$AjDsh7C54CsevJhgs3ImBuDNepWZPDKsEGq.axCpZyR4G1Q9ep1.2,true,917-582-6697,M
92,ckarolowski2j,Chen Karolowski,ckarolowski2j@imgur.com,$2a$04$mCfn7OWDrAD2K81mvsjY3eyKKzUlYbubB/.3/PQJONjEiHuj22pVG,false,490-657-7439,M
93,jharrell2k,Jesselyn Harrell,jharrell2k@odnoklassniki.ru,$2a$04$RCKaIBh.rMKo4i4JmcJzHO5WfagvJG2DbrkYgFfqwZOipD8gDR31e,true,911-889-6742,M
94,rvautier2l,Rachel Vautier,rvautier2l@about.com,$2a$04$buc2aZGix8JSYQ571ecD2OWgbtWGq/asot10y.1Wc1QR3NuC7EGke,true,641-130-1558,F
95,mlemmer2m,Mil Lemmer,mlemmer2m@1und1.de,$2a$04$JIRDgiCGTyK9KSzfRHvoSeZWr/2i0qsyWRWPkssaO52y86G19ioGS,true,364-617-3904,M
96,pgargett2n,Pavla Gargett,pgargett2n@japanpost.jp,$2a$04$phOKAOdi3hNsPrCnZEpKDeHOyd3qFk.RpoPEnMUCsbjmjToc/ygSS,false,651-954-1621,F
97,tcronk2o,Tomi Cronk,tcronk2o@patch.com,$2a$04$3y5gNRzf500AbJAH/tmMrOCuFtOdJoXCtqKwRKKWkLro12764xTam,false,707-155-7832,M
98,ahonig2p,Avrom Honig,ahonig2p@nifty.com,$2a$04$/aNBRVK6ZhXHnyHvxZGmMuMwL.rg5GWiifO46Z3GLgkJRLYLiy1r2,true,228-449-7217,F
99,kmacilwrick2q,Kirbee MacIlwrick,kmacilwrick2q@eventbrite.com,$2a$04$NE14iqNtQFe.5e2fU3iJJujSEGWfAG9iSyMM5LrUT4eZ/bWTDwUXu,true,777-516-1301,F
100,jlehrahan2r,Judd Lehrahan,jlehrahan2r@facebook.com,$2a$04$YYTOeZ9uU5A0K83aR8RROOAwyZm3bMV6vob9aR5XaDFBXIRdkNPqK,true,433-380-2618,F
